{"cameraMode":{"drawMode":0,"name":"Shaded","section":"Shading Mode"},"sceneLighting":true,"audioPlay":false,"sceneViewState":{"showFog":true,"showMaterialUpdate":false,"showSkybox":true,"showFlares":true,"showImageEffects":true,"showParticleSystems":true},"in2DMode":false,"pivot":{"x":0.0294189453125,"y":-1.517578125,"z":1.6318359375},"rotation":{"x":0.44726911187171938,"y":0.046918511390686038,"z":-0.023502957075834276,"w":0.8928619623184204},"size":9.026471138000489,"orthographic":true}